{"cameraMode":{"drawMode":0,"name":"Shaded","section":"Shading Mode"},"sceneLighting":true,"audioPlay":false,"sceneViewState":{"m_AlwaysRefresh":false,"showFog":true,"showSkybox":true,"showFlares":true,"showImageEffects":true,"showParticleSystems":true,"showVisualEffectGraphs":true,"m_FxEnabled":true},"in2DMode":false,"pivot":{"x":379.1835021972656,"y":245.66098022460938,"z":132.7205810546875},"rotation":{"x":0.0026388319674879314,"y":0.0010776218259707094,"z":0.0000036526671465253459,"w":1.0000025033950806},"size":317.74365234375,"orthographic":false}