{"cameraMode":{"drawMode":0,"name":"Shaded","section":"Shading Mode"},"sceneLighting":true,"audioPlay":false,"sceneViewState":{"m_AlwaysRefresh":false,"showFog":true,"showSkybox":true,"showFlares":true,"showImageEffects":true,"showParticleSystems":true,"showVisualEffectGraphs":true,"m_FxEnabled":true},"in2DMode":false,"pivot":{"x":0.5657992959022522,"y":-0.6108660697937012,"z":0.23374176025390626},"rotation":{"x":0.32091382145881655,"y":0.4360971748828888,"z":-0.16996678709983827,"w":0.8233817219734192},"size":3.3866024017333986,"orthographic":false}