{"cameraMode":{"drawMode":0,"name":"Shaded","section":"Shading Mode"},"sceneLighting":false,"audioPlay":false,"sceneViewState":{"m_AlwaysRefresh":false,"showFog":true,"showSkybox":false,"showFlares":true,"showImageEffects":true,"showParticleSystems":true,"showVisualEffectGraphs":true,"m_FxEnabled":true},"in2DMode":false,"pivot":{"x":-1.6448086500167847,"y":0.41445472836494448,"z":0.8657844066619873},"rotation":{"x":-0.008861183188855648,"y":0.9895370006561279,"z":-0.06951886415481568,"w":-0.12613165378570558},"size":2.7247447967529299,"orthographic":false}